<code_scheme name="Default" version="173">
  <JSCodeStyleSettings version="0">
    <option name="SPACE_BEFORE_GENERATOR_MULT" value="true" />
    <option name="USE_DOUBLE_QUOTES" value="false" />
    <option name="FORCE_QUOTE_STYlE" value="true" />
    <option name="ENFORCE_TRAILING_COMMA" value="WhenMultiline" />
  </JSCodeStyleSettings>
  <MarkdownNavigatorCodeStyleSettings>
    <option name="RIGHT_MARGIN" value="72" />
  </MarkdownNavigatorCodeStyleSettings>
  <Python>
    <option name="NEW_LINE_AFTER_COLON" value="true" />
    <option name="DICT_ALIGNMENT" value="2" />
    <option name="USE_CONTINUATION_INDENT_FOR_ARGUMENTS" value="true" />
    <option name="OPTIMIZE_IMPORTS_SORT_NAMES_IN_FROM_IMPORTS" value="true" />
    <option name="OPTIMIZE_IMPORTS_CASE_INSENSITIVE_ORDER" value="true" />
    <option name="FROM_IMPORT_PARENTHESES_FORCE_IF_MULTILINE" value="true" />
  </Python>
  <codeStyleSettings language="JavaScript">
    <option name="KEEP_BLANK_LINES_IN_CODE" value="1" />
    <option name="ELSE_ON_NEW_LINE" value="true" />
    <option name="CATCH_ON_NEW_LINE" value="true" />
    <option name="FINALLY_ON_NEW_LINE" value="true" />
  </codeStyleSettings>
  <codeStyleSettings language="Python">
    <option name="RIGHT_MARGIN" value="900" />
    <option name="WRAP_ON_TYPING" value="0" />
  </codeStyleSettings>
  <codeStyleSettings language="SCSS">
    <indentOptions>
      <option name="INDENT_SIZE" value="4" />
    </indentOptions>
  </codeStyleSettings>
</code_scheme>