<profile version="1.0">
  <option name="myName" value="Default" />
  <inspection_tool class="DuplicatedCode" enabled="false" level="WEAK WARNING" enabled_by_default="false">
    <Languages>
      <language minSize="51" name="Python" />
    </Languages>
  </inspection_tool>
  <inspection_tool class="PyAbstractClassInspection" enabled="false" level="WEAK WARNING" enabled_by_default="false" />
  <inspection_tool class="PyAttributeOutsideInitInspection" enabled="false" level="WEAK WARNING" enabled_by_default="false" />
  <inspection_tool class="PyBroadExceptionInspection" enabled="false" level="WEAK WARNING" enabled_by_default="false" />
  <inspection_tool class="PyDefaultArgumentInspection" enabled="false" level="WARNING" enabled_by_default="false" />
  <inspection_tool class="PyMethodMayBeStaticInspection" enabled="false" level="WEAK WARNING" enabled_by_default="false" />
  <inspection_tool class="PyPackageRequirementsInspection" enabled="true" level="WARNING" enabled_by_default="true">
    <option name="ignoredPackages">
      <value>
        <list size="7">
          <item index="0" class="java.lang.String" itemvalue="selenium" />
          <item index="1" class="java.lang.String" itemvalue="six" />
          <item index="2" class="java.lang.String" itemvalue="Werkzeug" />
          <item index="3" class="java.lang.String" itemvalue="future" />
          <item index="4" class="java.lang.String" itemvalue="lxml" />
          <item index="5" class="java.lang.String" itemvalue="xlrd" />
          <item index="6" class="java.lang.String" itemvalue="Pillow" />
        </list>
      </value>
    </option>
  </inspection_tool>
  <inspection_tool class="PyPep8Inspection" enabled="false" level="WEAK WARNING" enabled_by_default="false">
    <option name="ignoredErrors">
      <list>
        <option value="E203" />
      </list>
    </option>
  </inspection_tool>
  <inspection_tool class="PyPep8NamingInspection" enabled="true" level="WEAK WARNING" enabled_by_default="true">
    <option name="ignoredErrors">
      <list>
        <option value="N806" />
      </list>
    </option>
  </inspection_tool>
  <inspection_tool class="PySetFunctionToLiteralInspection" enabled="false" level="WARNING" enabled_by_default="false" />
  <inspection_tool class="PyStringFormatInspection" enabled="false" level="WARNING" enabled_by_default="false" />
  <inspection_tool class="PyTypeCheckerInspection" enabled="false" level="WARNING" enabled_by_default="false" />
  <inspection_tool class="PyUnboundLocalVariableInspection" enabled="false" level="WARNING" enabled_by_default="false" />
  <inspection_tool class="PyUnresolvedReferencesInspection" enabled="true" level="TYPO" enabled_by_default="true" />
  <inspection_tool class="SpellCheckingInspection" enabled="true" level="TYPO" enabled_by_default="true">
    <scope name="Project Files" level="TYPO" enabled="false">
      <option name="processCode" value="true" />
      <option name="processLiterals" value="true" />
      <option name="processComments" value="true" />
    </scope>
    <option name="processCode" value="true" />
    <option name="processLiterals" value="true" />
    <option name="processComments" value="true" />
  </inspection_tool>
  <inspection_tool class="SqlNoDataSourceInspection" enabled="false" level="WARNING" enabled_by_default="false" />
  <inspection_tool class="SqlResolveInspection" enabled="false" level="ERROR" enabled_by_default="false" />
</profile>