<application>
  <component name="ProjectJdkTable">
    <jdk version="2">
      <name value="Python 3.7" />
      <type value="Python SDK" />
      <version value="Python 3.7.4" />
      <homePath value="D:\Soft\Anaconda\python.exe" />
      <roots>
        <classPath>
          <root type="composite">
            <root url="file://D:/Soft/Anaconda/DLLs" type="simple" />
            <root url="file://D:/Soft/Anaconda/Lib" type="simple" />
            <root url="file://D:/Soft/Anaconda/Lib/site-packages" type="simple" />
            <root url="file://D:/Soft/Anaconda/Lib/site-packages/win32" type="simple" />
            <root url="file://D:/Soft/Anaconda/Lib/site-packages/win32/lib" type="simple" />
            <root url="file://D:/Soft/Anaconda/Lib/site-packages/pythonwin" type="simple" />
            <root url="file://$USER_HOME$/.PyCharm2019.3/system/python_stubs/-802186120" type="simple" />
            <root url="file://$APPLICATION_HOME_DIR$/plugins/python/helpers/python-skeletons" type="simple" />
            <root url="file://$APPLICATION_HOME_DIR$/plugins/python/helpers/typeshed/stdlib/3" type="simple" />
            <root url="file://$APPLICATION_HOME_DIR$/plugins/python/helpers/typeshed/stdlib/2and3" type="simple" />
            <root url="file://$APPLICATION_HOME_DIR$/plugins/python/helpers/typeshed/third_party/3" type="simple" />
            <root url="file://$APPLICATION_HOME_DIR$/plugins/python/helpers/typeshed/third_party/2and3" type="simple" />
          </root>
        </classPath>
        <sourcePath>
          <root type="composite" />
        </sourcePath>
      </roots>
      <additional />
    </jdk>
    <jdk version="2">
      <name value="Python 3.7 (Patent)" />
      <type value="Python SDK" />
      <version value="Python 3.7.6" />
      <homePath value="D:\Soft\Anaconda\envs\Patent\python.exe" />
      <roots>
        <classPath>
          <root type="composite">
            <root url="file://D:/Soft/Anaconda/envs/Patent/DLLs" type="simple" />
            <root url="file://D:/Soft/Anaconda/envs/Patent/Lib" type="simple" />
            <root url="file://D:/Soft/Anaconda/envs/Patent/Lib/site-packages" type="simple" />
            <root url="file://$USER_HOME$/.PyCharm2019.3/system/python_stubs/1327018678" type="simple" />
            <root url="file://$APPLICATION_HOME_DIR$/plugins/python/helpers/python-skeletons" type="simple" />
            <root url="file://$APPLICATION_HOME_DIR$/plugins/python/helpers/typeshed/stdlib/3" type="simple" />
            <root url="file://$APPLICATION_HOME_DIR$/plugins/python/helpers/typeshed/stdlib/2and3" type="simple" />
            <root url="file://$APPLICATION_HOME_DIR$/plugins/python/helpers/typeshed/third_party/3" type="simple" />
            <root url="file://$APPLICATION_HOME_DIR$/plugins/python/helpers/typeshed/third_party/2and3" type="simple" />
          </root>
        </classPath>
        <sourcePath>
          <root type="composite" />
        </sourcePath>
      </roots>
      <additional ASSOCIATED_PROJECT_PATH="D:/Files/Code/Patent" />
    </jdk>
  </component>
</application>