<application>
  <component name="GitRememberedInputs">
    <option name="visitedUrls">
      <list>
        <UrlAndUserName>
          <option name="url" value="https://github.com/AYiXi/My_code_way.git" />
          <option name="userName" value="" />
        </UrlAndUserName>
        <UrlAndUserName>
          <option name="url" value="https://github.com/mtianyan/FunpySpiderSearch.git" />
          <option name="userName" value="" />
        </UrlAndUserName>
        <UrlAndUserName>
          <option name="url" value="https://github.com/jrusso1020/pythonFun.git" />
          <option name="userName" value="" />
        </UrlAndUserName>
        <UrlAndUserName>
          <option name="url" value="https://github.com/lizhaojiang/xfz.git" />
          <option name="userName" value="" />
        </UrlAndUserName>
        <UrlAndUserName>
          <option name="url" value="http://github.com" />
          <option name="userName" value="821346679@qq.com" />
        </UrlAndUserName>
      </list>
    </option>
    <option name="cloneParentDir" value="E:\Code\Django" />
  </component>
  <component name="Vcs.Log.App.Settings">
    <option name="COLUMN_ORDER">
      <list>
        <option value="0" />
        <option value="1" />
        <option value="2" />
        <option value="3" />
      </list>
    </option>
  </component>
</application>