<application>
  <component name="ProjectJdkTable">
    <jdk version="2">
      <name value="Python 3.8" />
      <type value="Python SDK" />
      <version value="Python 3.8.3" />
      <homePath value="/usr/local/bin/python3.8" />
      <roots>
        <classPath>
          <root type="composite">
            <root url="file:///Library/Frameworks/Python.framework/Versions/3.8/lib/python3.8" type="simple" />
            <root url="file:///Library/Frameworks/Python.framework/Versions/3.8/lib/python3.8/lib-dynload" type="simple" />
            <root url="file://$USER_HOME$/Library/Python/3.8/lib/python/site-packages" type="simple" />
            <root url="file:///Library/Frameworks/Python.framework/Versions/3.8/lib/python3.8/site-packages" type="simple" />
            <root url="file://$USER_HOME$/Documents/Code/move_blog_spider" type="simple" />
            <root url="file://$USER_HOME$/Library/Caches/JetBrains/PyCharm2020.1/python_stubs/-1199943125" type="simple" />
            <root url="file://$APPLICATION_HOME_DIR$/plugins/python/helpers/python-skeletons" type="simple" />
            <root url="file://$APPLICATION_HOME_DIR$/plugins/python/helpers/typeshed/stdlib/3.7" type="simple" />
            <root url="file://$APPLICATION_HOME_DIR$/plugins/python/helpers/typeshed/stdlib/3" type="simple" />
            <root url="file://$APPLICATION_HOME_DIR$/plugins/python/helpers/typeshed/stdlib/2and3" type="simple" />
            <root url="file://$APPLICATION_HOME_DIR$/plugins/python/helpers/typeshed/third_party/3" type="simple" />
            <root url="file://$APPLICATION_HOME_DIR$/plugins/python/helpers/typeshed/third_party/2and3" type="simple" />
          </root>
        </classPath>
        <sourcePath>
          <root type="composite" />
        </sourcePath>
      </roots>
      <additional />
    </jdk>
    <jdk version="2">
      <name value="Remote Python 3.8.1 (sftp://csdn@192.168.82.8:22/usr/local/opt/python@3.8/bin/python3)" />
      <type value="Python SDK" />
      <version value="Python 3.8.1" />
      <homePath value="sftp://csdn@192.168.82.8:22/usr/local/opt/python@3.8/bin/python3" />
      <roots>
        <classPath>
          <root type="composite">
            <root url="file://$USER_HOME$/Library/Caches/JetBrains/PyCharm2020.1/remote_sources/596882279/1677698193" type="simple" />
            <root url="file://$USER_HOME$/Library/Caches/JetBrains/PyCharm2020.1/remote_sources/596882279/2022252028" type="simple" />
            <root url="file://$USER_HOME$/Library/Caches/JetBrains/PyCharm2020.1/remote_sources/596882279/-1617366195" type="simple" />
            <root url="file://$USER_HOME$/Library/Caches/JetBrains/PyCharm2020.1/python_stubs/596882279" type="simple" />
            <root url="file://$APPLICATION_HOME_DIR$/plugins/python/helpers/python-skeletons" type="simple" />
            <root url="file://$APPLICATION_HOME_DIR$/plugins/python/helpers/typeshed/stdlib/3.7" type="simple" />
            <root url="file://$APPLICATION_HOME_DIR$/plugins/python/helpers/typeshed/stdlib/3" type="simple" />
            <root url="file://$APPLICATION_HOME_DIR$/plugins/python/helpers/typeshed/stdlib/2and3" type="simple" />
            <root url="file://$APPLICATION_HOME_DIR$/plugins/python/helpers/typeshed/third_party/3" type="simple" />
            <root url="file://$APPLICATION_HOME_DIR$/plugins/python/helpers/typeshed/third_party/2and3" type="simple" />
          </root>
        </classPath>
        <sourcePath>
          <root type="composite" />
        </sourcePath>
      </roots>
      <additional INTERPRETER_PATH="/usr/local/opt/python@3.8/bin/python3" HELPERS_PATH="/Users/csdn/.pycharm_helpers" INITIALIZED="false" VALID="true" RUN_AS_ROOT_VIA_SUDO="false" SKELETONS_PATH="" VERSION="" WEB_SERVER_CONFIG_ID="c3f213dc-2bbf-491f-99e7-e983a03879c7" WEB_SERVER_CONFIG_NAME="csdn@192.168.82.8:22" WEB_SERVER_CREDENTIALS_ID="sftp://csdn@192.168.82.8:22">
        <PathMappingSettings>
          <option name="pathMappings">
            <list>
              <mapping local-root="$USER_HOME$/Library/Caches/JetBrains/PyCharm2020.1/remote_sources/596882279/1677698193" remote-root="/usr/local/Cellar/python@3.8/3.8.1/Frameworks/Python.framework/Versions/3.8/lib/python3.8" />
              <mapping local-root="$USER_HOME$/Library/Caches/JetBrains/PyCharm2020.1/remote_sources/596882279/2022252028" remote-root="/Users/csdn/Library/Python/3.8/lib/python/site-packages" />
              <mapping local-root="$USER_HOME$/Library/Caches/JetBrains/PyCharm2020.1/remote_sources/596882279/-1617366195" remote-root="/usr/local/lib/python3.8/site-packages" />
            </list>
          </option>
        </PathMappingSettings>
      </additional>
    </jdk>
    <jdk version="2">
      <name value="Python 3.8 (SourceCode)" />
      <type value="Python SDK" />
      <version value="Python 3.8.3" />
      <homePath value="$USER_HOME$/Documents/Code/python/SourceCode/venv/bin/python" />
      <roots>
        <classPath>
          <root type="composite">
            <root url="file:///Library/Frameworks/Python.framework/Versions/3.8/lib/python3.8" type="simple" />
            <root url="file:///Library/Frameworks/Python.framework/Versions/3.8/lib/python3.8/lib-dynload" type="simple" />
            <root url="file://$USER_HOME$/Documents/Code/python/SourceCode/venv/lib/python3.8/site-packages" type="simple" />
            <root url="file://$USER_HOME$/Library/Caches/JetBrains/PyCharm2020.1/python_stubs/-59281120" type="simple" />
            <root url="file://$APPLICATION_HOME_DIR$/plugins/python/helpers/python-skeletons" type="simple" />
            <root url="file://$APPLICATION_HOME_DIR$/plugins/python/helpers/typeshed/stdlib/3.7" type="simple" />
            <root url="file://$APPLICATION_HOME_DIR$/plugins/python/helpers/typeshed/stdlib/3" type="simple" />
            <root url="file://$APPLICATION_HOME_DIR$/plugins/python/helpers/typeshed/stdlib/2and3" type="simple" />
            <root url="file://$APPLICATION_HOME_DIR$/plugins/python/helpers/typeshed/third_party/3" type="simple" />
            <root url="file://$APPLICATION_HOME_DIR$/plugins/python/helpers/typeshed/third_party/2and3" type="simple" />
          </root>
        </classPath>
        <sourcePath>
          <root type="composite" />
        </sourcePath>
      </roots>
      <additional ASSOCIATED_PROJECT_PATH="$USER_HOME$/Documents/Code/python/SourceCode" />
    </jdk>
  </component>
</application>