<application>
  <component name="WebServers">
    <option name="servers">
      <webServer id="c3f213dc-2bbf-491f-99e7-e983a03879c7" name="csdn@192.168.82.8:22" url="http:///">
        <fileTransfer accessType="SFTP" host="192.168.82.8" port="22" sshConfigId="2b704d82-6ed6-4a8f-ada7-3fb24f04b473" sshConfig="csdn@192.168.82.8:22 agent" authAgent="true" />
      </webServer>
      <webServer id="c3f213dc-2bbf-491f-99e7-e983a03879c7" name="csdn@192.168.82.8:22" url="http:///">
        <fileTransfer accessType="SFTP" host="192.168.82.8" port="22" sshConfigId="2b704d82-6ed6-4a8f-ada7-3fb24f04b473" sshConfig="csdn@192.168.82.8:22 agent" authAgent="true" />
      </webServer>
    </option>
  </component>
</application>