<keymap version="1" name="macOS copy" parent="Mac OS X 10.5+">
  <action id="ChangesView.Diff" />
  <action id="CollapseAll">
    <keyboard-shortcut first-keystroke="meta subtract" />
  </action>
  <action id="CollapseExpandableComponent">
    <keyboard-shortcut first-keystroke="shift enter" />
    <keyboard-shortcut first-keystroke="meta subtract" />
  </action>
  <action id="CollapseRegion">
    <keyboard-shortcut first-keystroke="meta subtract" />
  </action>
  <action id="CompareTwoFiles" />
  <action id="Console.TableResult.CloneRow" />
  <action id="Console.TableResult.NavigateAction">
    <keyboard-shortcut first-keystroke="f4" />
  </action>
  <action id="CopyElement" />
  <action id="DatabaseView.CopyAction" />
  <action id="DatabaseView.CopyTable" />
  <action id="DatabaseView.PropertiesAction" />
  <action id="Diff.ShowDiff" />
  <action id="EditSource">
    <keyboard-shortcut first-keystroke="f4" />
  </action>
  <action id="EditorDecreaseFontSize">
    <keyboard-shortcut first-keystroke="meta minus" />
  </action>
  <action id="EditorDeleteLine">
    <keyboard-shortcut first-keystroke="meta back_space" />
    <keyboard-shortcut first-keystroke="meta e" />
  </action>
  <action id="EditorIncreaseFontSize">
    <keyboard-shortcut first-keystroke="meta equals" />
  </action>
  <action id="EditorLineEnd">
    <keyboard-shortcut first-keystroke="end" />
    <keyboard-shortcut first-keystroke="meta right" />
  </action>
  <action id="ExpandAll">
    <keyboard-shortcut first-keystroke="meta add" />
  </action>
  <action id="ExpandExpandableComponent">
    <keyboard-shortcut first-keystroke="shift enter" />
    <keyboard-shortcut first-keystroke="meta add" />
  </action>
  <action id="ExpandRegion">
    <keyboard-shortcut first-keystroke="meta add" />
  </action>
  <action id="ExternalSystem.CollapseAll">
    <keyboard-shortcut first-keystroke="meta subtract" />
  </action>
  <action id="ExternalSystem.ExpandAll">
    <keyboard-shortcut first-keystroke="meta add" />
  </action>
  <action id="FileChooser.GotoDesktop" />
  <action id="FileChooser.TogglePathShowing" />
  <action id="Graph.ApplyCurrentLayout" />
  <action id="Images.Editor.ZoomIn">
    <keyboard-shortcut first-keystroke="meta add" />
  </action>
  <action id="Images.Editor.ZoomOut">
    <keyboard-shortcut first-keystroke="meta subtract" />
  </action>
  <action id="MoveLineDown">
    <keyboard-shortcut first-keystroke="meta down" />
  </action>
  <action id="MoveLineUp">
    <keyboard-shortcut first-keystroke="meta up" />
  </action>
  <action id="NavBar-selectEnd">
    <keyboard-shortcut first-keystroke="end" />
    <keyboard-shortcut first-keystroke="meta right" />
  </action>
  <action id="OptimizeImports">
    <keyboard-shortcut first-keystroke="meta i" />
  </action>
  <action id="ParameterInfo" />
  <action id="RecentFiles" />
  <action id="ReformatCode">
    <keyboard-shortcut first-keystroke="meta alt l" />
    <keyboard-shortcut first-keystroke="ctrl e" />
  </action>
  <action id="Run">
    <keyboard-shortcut first-keystroke="ctrl r" />
    <keyboard-shortcut first-keystroke="f5" />
  </action>
  <action id="RunDashboard.CopyConfiguration" />
  <action id="SearchEverywhere">
    <keyboard-shortcut first-keystroke="meta p" />
  </action>
  <action id="SearchEverywhere.NavigateToNextGroup">
    <keyboard-shortcut first-keystroke="page_down" />
  </action>
  <action id="SearchEverywhere.NavigateToPrevGroup">
    <keyboard-shortcut first-keystroke="page_up" />
  </action>
  <action id="SendEOF" />
  <action id="ServiceView.JumpToServices">
    <keyboard-shortcut first-keystroke="alt home" />
  </action>
  <action id="ShowNavBar">
    <keyboard-shortcut first-keystroke="alt home" />
  </action>
  <action id="SwitcherIterateItems" />
  <action id="SwitcherRecentEditedChangedToggleCheckBox" />
  <action id="Vcs.EditSource">
    <keyboard-shortcut first-keystroke="f4" />
  </action>
  <action id="Vcs.ShowMessageHistory">
    <keyboard-shortcut first-keystroke="ctrl m" />
  </action>
  <action id="XDebugger.CopyWatch" />
  <action id="XDebugger.JumpToSource">
    <keyboard-shortcut first-keystroke="f4" />
  </action>
  <action id="openAssertEqualsDiff" />
</keymap>