<keymap version="1" name="Default copy" parent="$default">
  <action id="ActivateFavoritesToolWindow" />
  <action id="Arrangement.Alias.Rule.Edit" />
  <action id="Arrangement.Rule.Add" />
  <action id="Arrangement.Rule.Edit" />
  <action id="ChangesView.Rename">
    <keyboard-shortcut first-keystroke="shift f6" />
  </action>
  <action id="CloseContent">
    <keyboard-shortcut first-keystroke="ctrl f4" />
    <keyboard-shortcut first-keystroke="alt 2" />
  </action>
  <action id="CollapseRegion">
    <keyboard-shortcut first-keystroke="alt c" />
  </action>
  <action id="Console.History.Browse" />
  <action id="Console.TableResult.EditValue">
    <keyboard-shortcut first-keystroke="enter" />
    <keyboard-shortcut first-keystroke="alt enter" />
  </action>
  <action id="CopyElement" />
  <action id="DatabaseView.CopyTable" />
  <action id="Diff.PrevChange" />
  <action id="DuplicatesForm.SendToLeft" />
  <action id="DuplicatesForm.SendToRight" />
  <action id="EditorCodeBlockEndWithSelection" />
  <action id="EditorCodeBlockStartWithSelection">
    <keyboard-shortcut first-keystroke="shift ctrl open_bracket" />
    <keyboard-shortcut first-keystroke="ctrl alt 1" />
  </action>
  <action id="EditorDecreaseFontSize">
    <mouse-shortcut keystroke="control button142" />
  </action>
  <action id="EditorDeleteLine">
    <keyboard-shortcut first-keystroke="ctrl e" />
  </action>
  <action id="EditorIncreaseFontSize">
    <mouse-shortcut keystroke="control button143" />
  </action>
  <action id="EditorLeftWithSelection">
    <keyboard-shortcut first-keystroke="alt left" />
  </action>
  <action id="EditorLookupDown" />
  <action id="EditorLookupUp" />
  <action id="EditorPasteFromX11" />
  <action id="EditorRightWithSelection">
    <keyboard-shortcut first-keystroke="alt right" />
  </action>
  <action id="EditorScrollDown" />
  <action id="EditorScrollUp" />
  <action id="EditorToggleColumnMode">
    <keyboard-shortcut first-keystroke="shift alt insert" />
    <keyboard-shortcut first-keystroke="alt insert" />
  </action>
  <action id="ExpandRegion">
    <keyboard-shortcut first-keystroke="ctrl alt e" />
    <keyboard-shortcut first-keystroke="alt x" />
  </action>
  <action id="FileChooser.GotoHome" />
  <action id="FileChooser.GotoModule" />
  <action id="FileChooser.GotoProject" />
  <action id="FileChooser.NewFolder">
    <keyboard-shortcut first-keystroke="ctrl n" />
  </action>
  <action id="FindNext">
    <keyboard-shortcut first-keystroke="ctrl 3" />
  </action>
  <action id="FindPrevious">
    <keyboard-shortcut first-keystroke="ctrl 2" />
  </action>
  <action id="Generate" />
  <action id="Git.Reword.Commit">
    <keyboard-shortcut first-keystroke="shift f6" />
  </action>
  <action id="GotoBookmark1" />
  <action id="GotoBookmark2" />
  <action id="GotoBookmark3" />
  <action id="GotoDeclaration">
    <keyboard-shortcut first-keystroke="ctrl b" />
    <mouse-shortcut keystroke="control button1" />
  </action>
  <action id="GotoNextError" />
  <action id="InsertLiveTemplate" />
  <action id="IntroduceConstant" />
  <action id="IntroduceField" />
  <action id="JupyterSelectCellAboveAction" />
  <action id="JupyterSelectCellBelowAction" />
  <action id="MethodHierarchy" />
  <action id="MethodOverloadSwitchDown" />
  <action id="MethodOverloadSwitchUp" />
  <action id="MoveStatementDown">
    <keyboard-shortcut first-keystroke="ctrl down" />
  </action>
  <action id="MoveStatementUp">
    <keyboard-shortcut first-keystroke="ctrl up" />
  </action>
  <action id="NewElement" />
  <action id="NextTab">
    <keyboard-shortcut first-keystroke="shift right" />
  </action>
  <action id="PerforceDirect.Edit" />
  <action id="PreviousTab">
    <keyboard-shortcut first-keystroke="shift left" />
  </action>
  <action id="RecentFiles" />
  <action id="ReformatCode">
    <keyboard-shortcut first-keystroke="alt e" />
  </action>
  <action id="RemoteHost.NewRemoteItem" />
  <action id="ReopenClosedTab">
    <keyboard-shortcut first-keystroke="alt z" />
  </action>
  <action id="Run">
    <keyboard-shortcut first-keystroke="f5" />
  </action>
  <action id="SearchEverywhere">
    <keyboard-shortcut first-keystroke="shift ctrl h" />
  </action>
  <action id="SearchEverywhere.NavigateToNextGroup">
    <keyboard-shortcut first-keystroke="page_down" />
  </action>
  <action id="SearchEverywhere.NavigateToPrevGroup">
    <keyboard-shortcut first-keystroke="page_up" />
  </action>
  <action id="SelectAllOccurrences">
    <keyboard-shortcut first-keystroke="ctrl j" />
  </action>
  <action id="SelectNextOccurrence">
    <keyboard-shortcut first-keystroke="alt j" />
    <keyboard-shortcut first-keystroke="f2" />
  </action>
  <action id="ShelvedChanges.Rename">
    <keyboard-shortcut first-keystroke="shift f6" />
  </action>
  <action id="ShowFilterPopup" />
  <action id="UML.ApplyCurrentLayout" />
  <action id="Vcs.ShowMessageHistory">
    <keyboard-shortcut first-keystroke="ctrl m" />
  </action>
  <action id="XDebugger.EditWatch" />
  <action id="XDebugger.SetValue" />
</keymap>