<application>
  <component name="XDebuggerSettings">
    <data-views />
    <general />
    <debuggers>
      <debugger id="javascript">
        <configuration>
          <custom-object-presentation />
        </configuration>
      </debugger>
      <debugger id="python">
        <configuration>
          <option name="valuesPolicy" value="SYNC" />
          <option name="watchReturnValues" value="true" />
        </configuration>
      </debugger>
    </debuggers>
  </component>
</application>