<application>
  <component name="ProjectJdkTable">
    <jdk version="2">
      <name value="Python 3.7" />
      <type value="Python SDK" />
      <version value="Python 3.7.4" />
      <homePath value="D:\Soft\Anaconda\python.exe" />
      <roots>
        <classPath>
          <root type="composite">
            <root url="file://D:/Soft/Anaconda/DLLs" type="simple" />
            <root url="file://D:/Soft/Anaconda/Lib" type="simple" />
            <root url="file://D:/Soft/Anaconda/Lib/site-packages" type="simple" />
            <root url="file://D:/Soft/Anaconda/Lib/site-packages/win32" type="simple" />
            <root url="file://D:/Soft/Anaconda/Lib/site-packages/win32/lib" type="simple" />
            <root url="file://D:/Soft/Anaconda/Lib/site-packages/pythonwin" type="simple" />
            <root url="file://$USER_HOME$/.PyCharm2019.3/system/python_stubs/-802186120" type="simple" />
            <root url="file://$APPLICATION_HOME_DIR$/plugins/python/helpers/python-skeletons" type="simple" />
            <root url="file://$APPLICATION_HOME_DIR$/plugins/python/helpers/typeshed/stdlib/3" type="simple" />
            <root url="file://$APPLICATION_HOME_DIR$/plugins/python/helpers/typeshed/stdlib/2and3" type="simple" />
            <root url="file://$APPLICATION_HOME_DIR$/plugins/python/helpers/typeshed/third_party/3" type="simple" />
            <root url="file://$APPLICATION_HOME_DIR$/plugins/python/helpers/typeshed/third_party/2and3" type="simple" />
          </root>
        </classPath>
        <sourcePath>
          <root type="composite" />
        </sourcePath>
      </roots>
      <additional />
    </jdk>
    <jdk version="2">
      <name value="Python 3.7 (Patent)" />
      <type value="Python SDK" />
      <version value="Python 3.7.4" />
      <homePath value="C:\Users\82134\Envs\Patent\Scripts\python.exe" />
      <roots>
        <classPath>
          <root type="composite">
            <root url="file://D:/Soft/Anaconda/DLLs" type="simple" />
            <root url="file://D:/Soft/Anaconda/Lib" type="simple" />
            <root url="file://D:/Soft/Anaconda" type="simple" />
            <root url="file://$USER_HOME$/Envs/Patent" type="simple" />
            <root url="file://$USER_HOME$/Envs/Patent/Lib/site-packages" type="simple" />
            <root url="jar://$USER_HOME$/Envs/Patent/Lib/site-packages/fdfs_client_py-1.2.6-py3.7.egg!/" type="simple" />
            <root url="file://$USER_HOME$/.PyCharm2019.3/system/python_stubs/765855291" type="simple" />
            <root url="file://$APPLICATION_HOME_DIR$/plugins/python/helpers/python-skeletons" type="simple" />
            <root url="file://$APPLICATION_HOME_DIR$/plugins/python/helpers/typeshed/stdlib/3" type="simple" />
            <root url="file://$APPLICATION_HOME_DIR$/plugins/python/helpers/typeshed/stdlib/2and3" type="simple" />
            <root url="file://$APPLICATION_HOME_DIR$/plugins/python/helpers/typeshed/third_party/3" type="simple" />
            <root url="file://$APPLICATION_HOME_DIR$/plugins/python/helpers/typeshed/third_party/2and3" type="simple" />
          </root>
        </classPath>
        <sourcePath>
          <root type="composite" />
        </sourcePath>
      </roots>
      <additional ASSOCIATED_PROJECT_PATH="D:/Files/Code/Patent" />
    </jdk>
    <jdk version="2">
      <name value="Remote Python 3.8.0 (sftp://root@192.168.118.130:22/usr/bin/python)" />
      <type value="Python SDK" />
      <version value="Python 3.8.0" />
      <homePath value="sftp://root@192.168.118.130:22/usr/bin/python" />
      <roots>
        <classPath>
          <root type="composite">
            <root url="file://$USER_HOME$/.PyCharm2019.3/system/remote_sources/-746106342/-1084380846" type="simple" />
            <root url="file://$USER_HOME$/.PyCharm2019.3/system/remote_sources/-746106342/1269022375" type="simple" />
            <root url="file://$USER_HOME$/.PyCharm2019.3/system/remote_sources/-746106342/-1814155594" type="simple" />
            <root url="file://$USER_HOME$/.PyCharm2019.3/system/python_stubs/-746106342" type="simple" />
            <root url="file://$APPLICATION_HOME_DIR$/plugins/python/helpers/python-skeletons" type="simple" />
            <root url="file://$APPLICATION_HOME_DIR$/plugins/python/helpers/typeshed/stdlib/3" type="simple" />
            <root url="file://$APPLICATION_HOME_DIR$/plugins/python/helpers/typeshed/stdlib/2and3" type="simple" />
            <root url="file://$APPLICATION_HOME_DIR$/plugins/python/helpers/typeshed/third_party/3" type="simple" />
            <root url="file://$APPLICATION_HOME_DIR$/plugins/python/helpers/typeshed/third_party/2and3" type="simple" />
          </root>
        </classPath>
        <sourcePath>
          <root type="composite" />
        </sourcePath>
      </roots>
      <additional WEB_SERVER_CONFIG_ID="3afe707e-b14d-41f5-8c5d-84e2ad85f217" WEB_SERVER_CONFIG_NAME="root@192.168.118.130:22" WEB_SERVER_CREDENTIALS_ID="sftp://root@192.168.118.130:22" INTERPRETER_PATH="/usr/bin/python" HELPERS_PATH="/root/.pycharm_helpers" INITIALIZED="false" VALID="true" RUN_AS_ROOT_VIA_SUDO="false" SKELETONS_PATH="" VERSION="">
        <PathMappingSettings>
          <option name="pathMappings">
            <list>
              <mapping local-root="$USER_HOME$/.PyCharm2019.3/system/remote_sources/-746106342/-1084380846" remote-root="/usr/local/python/lib/python3.8" />
              <mapping local-root="$USER_HOME$/.PyCharm2019.3/system/remote_sources/-746106342/1269022375" remote-root="/root/.local/lib/python3.8/site-packages" />
              <mapping local-root="$USER_HOME$/.PyCharm2019.3/system/remote_sources/-746106342/-1814155594" remote-root="/usr/local/python/lib/python3.8/site-packages" />
            </list>
          </option>
        </PathMappingSettings>
      </additional>
    </jdk>
    <jdk version="2">
      <name value="Remote Python 3.8.0 (sftp://root@192.168.118.130:22/root/.virtualenvs/Patent/bin/python)" />
      <type value="Python SDK" />
      <version value="Python 3.8.0" />
      <homePath value="sftp://root@192.168.118.130:22/root/.virtualenvs/Patent/bin/python" />
      <roots>
        <classPath>
          <root type="composite">
            <root url="file://$USER_HOME$/.PyCharm2019.3/system/remote_sources/-327346607/-1084380846" type="simple" />
            <root url="file://$USER_HOME$/.PyCharm2019.3/system/remote_sources/-327346607/-1757508670" type="simple" />
            <root url="file://$USER_HOME$/.PyCharm2019.3/system/python_stubs/-327346607" type="simple" />
            <root url="file://$APPLICATION_HOME_DIR$/plugins/python/helpers/python-skeletons" type="simple" />
            <root url="file://$APPLICATION_HOME_DIR$/plugins/python/helpers/typeshed/stdlib/3" type="simple" />
            <root url="file://$APPLICATION_HOME_DIR$/plugins/python/helpers/typeshed/stdlib/2and3" type="simple" />
            <root url="file://$APPLICATION_HOME_DIR$/plugins/python/helpers/typeshed/third_party/3" type="simple" />
            <root url="file://$APPLICATION_HOME_DIR$/plugins/python/helpers/typeshed/third_party/2and3" type="simple" />
          </root>
        </classPath>
        <sourcePath>
          <root type="composite" />
        </sourcePath>
      </roots>
      <additional WEB_SERVER_CONFIG_ID="3afe707e-b14d-41f5-8c5d-84e2ad85f217" WEB_SERVER_CONFIG_NAME="root@192.168.118.130:22" WEB_SERVER_CREDENTIALS_ID="sftp://root@192.168.118.130:22" INTERPRETER_PATH="/root/.virtualenvs/Patent/bin/python" HELPERS_PATH="/root/.pycharm_helpers" INITIALIZED="false" VALID="true" RUN_AS_ROOT_VIA_SUDO="false" SKELETONS_PATH="" VERSION="">
        <PathMappingSettings>
          <option name="pathMappings">
            <list>
              <mapping local-root="$USER_HOME$/.PyCharm2019.3/system/remote_sources/-327346607/-1084380846" remote-root="/usr/local/python/lib/python3.8" />
              <mapping local-root="$USER_HOME$/.PyCharm2019.3/system/remote_sources/-327346607/-1757508670" remote-root="/root/.virtualenvs/Patent/lib/python3.8/site-packages" />
            </list>
          </option>
        </PathMappingSettings>
      </additional>
    </jdk>
    <jdk version="2">
      <name value="Python 3.7 (Sourcecode)" />
      <type value="Python SDK" />
      <version value="Python 3.7.4" />
      <homePath value="C:\Users\82134\Envs\Sourcecode\Scripts\python.exe" />
      <roots>
        <classPath>
          <root type="composite">
            <root url="file://D:/Soft/Anaconda/DLLs" type="simple" />
            <root url="file://D:/Soft/Anaconda/Lib" type="simple" />
            <root url="file://D:/Soft/Anaconda" type="simple" />
            <root url="file://$USER_HOME$/Envs/Sourcecode" type="simple" />
            <root url="file://$USER_HOME$/Envs/Sourcecode/Lib/site-packages" type="simple" />
            <root url="file://D:/Soft/Anaconda/Lib/site-packages" type="simple" />
            <root url="file://D:/Soft/Anaconda/Lib/site-packages/win32" type="simple" />
            <root url="file://D:/Soft/Anaconda/Lib/site-packages/win32/lib" type="simple" />
            <root url="file://D:/Soft/Anaconda/Lib/site-packages/pythonwin" type="simple" />
            <root url="file://$USER_HOME$/.PyCharm2019.3/system/python_stubs/-1872972645" type="simple" />
            <root url="file://$APPLICATION_HOME_DIR$/plugins/python/helpers/python-skeletons" type="simple" />
            <root url="file://$APPLICATION_HOME_DIR$/plugins/python/helpers/typeshed/stdlib/3" type="simple" />
            <root url="file://$APPLICATION_HOME_DIR$/plugins/python/helpers/typeshed/stdlib/2and3" type="simple" />
            <root url="file://$APPLICATION_HOME_DIR$/plugins/python/helpers/typeshed/third_party/3" type="simple" />
            <root url="file://$APPLICATION_HOME_DIR$/plugins/python/helpers/typeshed/third_party/2and3" type="simple" />
          </root>
        </classPath>
        <sourcePath>
          <root type="composite" />
        </sourcePath>
      </roots>
      <additional ASSOCIATED_PROJECT_PATH="D:/Files/Code/SourceCode/scrapy" />
    </jdk>
  </component>
</application>