<application>
  <component name="WebServers">
    <option name="servers">
      <webServer id="0107c815-66b7-4f4e-abca-68fbe5f29422" name="xiqing:ayixi" url="http://39.105.72.96">
        <fileTransfer host="39.105.72.96" port="22" accessType="SFTP" authAgent="true">
          <advancedOptions>
            <advancedOptions controlEncoding="UTF-8" dataProtectionLevel="Private" passiveMode="true" shareSSLContext="true" />
          </advancedOptions>
          <option name="port" value="22" />
        </fileTransfer>
      </webServer>
      <webServer id="3afe707e-b14d-41f5-8c5d-84e2ad85f217" name="local_virtualmeachine" url="http:///">
        <fileTransfer host="192.168.118.130" port="22" accessType="SFTP" authAgent="true">
          <option name="port" value="22" />
        </fileTransfer>
      </webServer>
    </option>
  </component>
</application>