<profile version="1.0">
  <option name="myName" value="Default" />
  <inspection_tool class="DuplicatedCode" enabled="false" level="WEAK WARNING" enabled_by_default="false">
    <Languages>
      <language minSize="53" name="Python" />
    </Languages>
  </inspection_tool>
  <inspection_tool class="ES6ConvertVarToLetConst" enabled="false" level="WEAK WARNING" enabled_by_default="false" />
  <inspection_tool class="HtmlUnknownAttribute" enabled="true" level="WARNING" enabled_by_default="true">
    <option name="myValues">
      <value>
        <list size="1">
          <item index="0" class="java.lang.String" itemvalue="clearfix" />
        </list>
      </value>
    </option>
    <option name="myCustomValuesEnabled" value="true" />
  </inspection_tool>
  <inspection_tool class="JSUnresolvedLibraryURL" enabled="false" level="WARNING" enabled_by_default="false" />
  <inspection_tool class="PyBroadExceptionInspection" enabled="false" level="WEAK WARNING" enabled_by_default="false" />
  <inspection_tool class="PyCompatibilityInspection" enabled="true" level="WARNING" enabled_by_default="true">
    <option name="ourVersions">
      <value>
        <list size="1">
          <item index="0" class="java.lang.String" itemvalue="3.7" />
        </list>
      </value>
    </option>
  </inspection_tool>
  <inspection_tool class="PyMethodMayBeStaticInspection" enabled="false" level="WEAK WARNING" enabled_by_default="false" />
  <inspection_tool class="PyPackageRequirementsInspection" enabled="true" level="WARNING" enabled_by_default="true">
    <option name="ignoredPackages">
      <value>
        <list size="60">
          <item index="0" class="java.lang.String" itemvalue="Automat" />
          <item index="1" class="java.lang.String" itemvalue="queuelib" />
          <item index="2" class="java.lang.String" itemvalue="typed-ast" />
          <item index="3" class="java.lang.String" itemvalue="python-dateutil" />
          <item index="4" class="java.lang.String" itemvalue="cffi" />
          <item index="5" class="java.lang.String" itemvalue="astroid" />
          <item index="6" class="java.lang.String" itemvalue="pyasn1" />
          <item index="7" class="java.lang.String" itemvalue="pycparser" />
          <item index="8" class="java.lang.String" itemvalue="requests" />
          <item index="9" class="java.lang.String" itemvalue="constantly" />
          <item index="10" class="java.lang.String" itemvalue="w3lib" />
          <item index="11" class="java.lang.String" itemvalue="pyasn1-modules" />
          <item index="12" class="java.lang.String" itemvalue="selenium" />
          <item index="13" class="java.lang.String" itemvalue="pyOpenSSL" />
          <item index="14" class="java.lang.String" itemvalue="mccabe" />
          <item index="15" class="java.lang.String" itemvalue="certifi" />
          <item index="16" class="java.lang.String" itemvalue="PyDispatcher" />
          <item index="17" class="java.lang.String" itemvalue="lxml" />
          <item index="18" class="java.lang.String" itemvalue="PyExecJS" />
          <item index="19" class="java.lang.String" itemvalue="urllib3" />
          <item index="20" class="java.lang.String" itemvalue="xlrd" />
          <item index="21" class="java.lang.String" itemvalue="hyperlink" />
          <item index="22" class="java.lang.String" itemvalue="service-identity" />
          <item index="23" class="java.lang.String" itemvalue="Scrapy" />
          <item index="24" class="java.lang.String" itemvalue="six" />
          <item index="25" class="java.lang.String" itemvalue="asn1crypto" />
          <item index="26" class="java.lang.String" itemvalue="wrapt" />
          <item index="27" class="java.lang.String" itemvalue="cryptography" />
          <item index="28" class="java.lang.String" itemvalue="PyHamcrest" />
          <item index="29" class="java.lang.String" itemvalue="xlwt" />
          <item index="30" class="java.lang.String" itemvalue="zope.interface" />
          <item index="31" class="java.lang.String" itemvalue="incremental" />
          <item index="32" class="java.lang.String" itemvalue="attrs" />
          <item index="33" class="java.lang.String" itemvalue="chardet" />
          <item index="34" class="java.lang.String" itemvalue="lazy-object-proxy" />
          <item index="35" class="java.lang.String" itemvalue="parsel" />
          <item index="36" class="java.lang.String" itemvalue="colorama" />
          <item index="37" class="java.lang.String" itemvalue="cssselect" />
          <item index="38" class="java.lang.String" itemvalue="pylint" />
          <item index="39" class="java.lang.String" itemvalue="isort" />
          <item index="40" class="java.lang.String" itemvalue="PyMySQL" />
          <item index="41" class="java.lang.String" itemvalue="idna" />
          <item index="42" class="java.lang.String" itemvalue="Pillow" />
          <item index="43" class="java.lang.String" itemvalue="Twisted" />
          <item index="44" class="java.lang.String" itemvalue="Protego" />
          <item index="45" class="java.lang.String" itemvalue="openpyxl" />
          <item index="46" class="java.lang.String" itemvalue="autopep8" />
          <item index="47" class="java.lang.String" itemvalue="Werkzeug" />
          <item index="48" class="java.lang.String" itemvalue="pyppeteer" />
          <item index="49" class="java.lang.String" itemvalue="rope" />
          <item index="50" class="java.lang.String" itemvalue="Click" />
          <item index="51" class="java.lang.String" itemvalue="pycodestyle" />
          <item index="52" class="java.lang.String" itemvalue="et-xmlfile" />
          <item index="53" class="java.lang.String" itemvalue="MarkupSafe" />
          <item index="54" class="java.lang.String" itemvalue="Jinja2" />
          <item index="55" class="java.lang.String" itemvalue="redis" />
          <item index="56" class="java.lang.String" itemvalue="jdcal" />
          <item index="57" class="java.lang.String" itemvalue="itsdangerous" />
          <item index="58" class="java.lang.String" itemvalue="Flask" />
          <item index="59" class="java.lang.String" itemvalue="fdfs_client" />
        </list>
      </value>
    </option>
  </inspection_tool>
  <inspection_tool class="PyPep8Inspection" enabled="true" level="WEAK WARNING" enabled_by_default="true">
    <option name="ignoredErrors">
      <list>
        <option value="E501" />
        <option value="E303" />
        <option value="E302" />
        <option value="E722" />
        <option value="W292" />
        <option value="E203" />
        <option value="W191" />
        <option value="E101" />
        <option value="W605" />
      </list>
    </option>
  </inspection_tool>
  <inspection_tool class="PyUnresolvedReferencesInspection" enabled="true" level="WARNING" enabled_by_default="true">
    <option name="ignoredIdentifiers">
      <list>
        <option value="django_xadmin.settings.root" />
      </list>
    </option>
  </inspection_tool>
  <inspection_tool class="UnterminatedStatementJS" enabled="false" level="WARNING" enabled_by_default="false">
    <option name="ignoreSemicolonAtEndOfBlock" value="true" />
  </inspection_tool>
</profile>