<application>
  <component name="ProjectJdkTable">
    <jdk version="2">
      <name value="Python 3.7" />
      <type value="Python SDK" />
      <homePath value="/usr/local/bin/python3.7" />
      <roots>
        <annotationsPath>
          <root type="composite" />
        </annotationsPath>
        <classPath>
          <root type="composite">
            <root url="file:///usr/local/Cellar/python/3.7.5/Frameworks/Python.framework/Versions/3.7/lib/python3.7" type="simple" />
            <root url="file:///usr/local/Cellar/python/3.7.5/Frameworks/Python.framework/Versions/3.7/lib/python3.7/lib-dynload" type="simple" />
            <root url="file://$USER_HOME$/Library/Python/3.7/lib/python/site-packages" type="simple" />
            <root url="file:///usr/local/lib/python3.7/site-packages" type="simple" />
            <root url="file://$USER_HOME$/Library/Caches/PyCharm2019.3/python_stubs/-1199943126" type="simple" />
            <root url="file://$APPLICATION_HOME_DIR$/plugins/python/helpers/python-skeletons" type="simple" />
            <root url="file://$APPLICATION_HOME_DIR$/plugins/python/helpers/typeshed/stdlib/3" type="simple" />
            <root url="file://$APPLICATION_HOME_DIR$/plugins/python/helpers/typeshed/stdlib/2and3" type="simple" />
            <root url="file://$APPLICATION_HOME_DIR$/plugins/python/helpers/typeshed/third_party/3" type="simple" />
            <root url="file://$APPLICATION_HOME_DIR$/plugins/python/helpers/typeshed/third_party/2and3" type="simple" />
          </root>
        </classPath>
        <javadocPath>
          <root type="composite" />
        </javadocPath>
        <sourcePath>
          <root type="composite" />
        </sourcePath>
      </roots>
      <additional />
    </jdk>
    <jdk version="2">
      <name value="Remote Python 3.6.2 (sftp://libw@172.16.160.101:58769/usr/bin/python)" />
      <type value="Python SDK" />
      <version value="Python 3.6.2" />
      <homePath value="sftp://libw@172.16.160.101:58769/usr/bin/python" />
      <roots>
        <annotationsPath>
          <root type="composite" />
        </annotationsPath>
        <classPath>
          <root type="composite">
            <root url="file://$USER_HOME$/Library/Caches/PyCharm2019.3/remote_sources/-1088343674/-791289102" type="simple" />
            <root url="file://$USER_HOME$/Library/Caches/PyCharm2019.3/remote_sources/-1088343674/-1222569898" type="simple" />
            <root url="file://$USER_HOME$/Library/Caches/PyCharm2019.3/python_stubs/-1088343674" type="simple" />
            <root url="file://$APPLICATION_HOME_DIR$/plugins/python/helpers/python-skeletons" type="simple" />
            <root url="file://$APPLICATION_HOME_DIR$/plugins/python/helpers/typeshed/stdlib/3" type="simple" />
            <root url="file://$APPLICATION_HOME_DIR$/plugins/python/helpers/typeshed/stdlib/2and3" type="simple" />
            <root url="file://$APPLICATION_HOME_DIR$/plugins/python/helpers/typeshed/third_party/3" type="simple" />
            <root url="file://$APPLICATION_HOME_DIR$/plugins/python/helpers/typeshed/third_party/2and3" type="simple" />
          </root>
        </classPath>
        <javadocPath>
          <root type="composite" />
        </javadocPath>
        <sourcePath>
          <root type="composite" />
        </sourcePath>
      </roots>
      <additional />
    </jdk>
    <jdk version="2">
      <name value="Python 3.8" />
      <type value="Python SDK" />
      <version value="Python 3.8.3" />
      <homePath value="/usr/local/bin/python3.8" />
      <roots>
        <annotationsPath>
          <root type="composite" />
        </annotationsPath>
        <classPath>
          <root type="composite">
            <root url="file:///Library/Frameworks/Python.framework/Versions/3.8/lib/python3.8" type="simple" />
            <root url="file:///Library/Frameworks/Python.framework/Versions/3.8/lib/python3.8/lib-dynload" type="simple" />
            <root url="file://$USER_HOME$/Library/Python/3.8/lib/python/site-packages" type="simple" />
            <root url="file:///Library/Frameworks/Python.framework/Versions/3.8/lib/python3.8/site-packages" type="simple" />
            <root url="file://$USER_HOME$/Library/Caches/JetBrains/PyCharm2020.1/python_stubs/-1199943125" type="simple" />
            <root url="file://$APPLICATION_HOME_DIR$/plugins/python/helpers/python-skeletons" type="simple" />
            <root url="file://$APPLICATION_HOME_DIR$/plugins/python/helpers/typeshed/stdlib/3.7" type="simple" />
            <root url="file://$APPLICATION_HOME_DIR$/plugins/python/helpers/typeshed/stdlib/3" type="simple" />
            <root url="file://$APPLICATION_HOME_DIR$/plugins/python/helpers/typeshed/stdlib/2and3" type="simple" />
            <root url="file://$APPLICATION_HOME_DIR$/plugins/python/helpers/typeshed/third_party/3" type="simple" />
            <root url="file://$APPLICATION_HOME_DIR$/plugins/python/helpers/typeshed/third_party/2and3" type="simple" />
          </root>
        </classPath>
        <javadocPath>
          <root type="composite" />
        </javadocPath>
        <sourcePath>
          <root type="composite" />
        </sourcePath>
      </roots>
      <additional />
    </jdk>
    <jdk version="2">
      <name value="14" />
      <type value="JavaSDK" />
      <version value="java version &quot;14.0.1&quot;" />
      <homePath value="/Library/Java/JavaVirtualMachines/jdk-14.0.1.jdk/Contents/Home" />
      <roots>
        <annotationsPath>
          <root type="composite">
            <root url="jar://$APPLICATION_HOME_DIR$/plugins/java/lib/jdkAnnotations.jar!/" type="simple" />
          </root>
        </annotationsPath>
        <classPath>
          <root type="composite">
            <root url="jrt:///Library/Java/JavaVirtualMachines/jdk-14.0.1.jdk/Contents/Home!/java.base" type="simple" />
            <root url="jrt:///Library/Java/JavaVirtualMachines/jdk-14.0.1.jdk/Contents/Home!/java.compiler" type="simple" />
            <root url="jrt:///Library/Java/JavaVirtualMachines/jdk-14.0.1.jdk/Contents/Home!/java.datatransfer" type="simple" />
            <root url="jrt:///Library/Java/JavaVirtualMachines/jdk-14.0.1.jdk/Contents/Home!/java.desktop" type="simple" />
            <root url="jrt:///Library/Java/JavaVirtualMachines/jdk-14.0.1.jdk/Contents/Home!/java.instrument" type="simple" />
            <root url="jrt:///Library/Java/JavaVirtualMachines/jdk-14.0.1.jdk/Contents/Home!/java.logging" type="simple" />
            <root url="jrt:///Library/Java/JavaVirtualMachines/jdk-14.0.1.jdk/Contents/Home!/java.management" type="simple" />
            <root url="jrt:///Library/Java/JavaVirtualMachines/jdk-14.0.1.jdk/Contents/Home!/java.management.rmi" type="simple" />
            <root url="jrt:///Library/Java/JavaVirtualMachines/jdk-14.0.1.jdk/Contents/Home!/java.naming" type="simple" />
            <root url="jrt:///Library/Java/JavaVirtualMachines/jdk-14.0.1.jdk/Contents/Home!/java.net.http" type="simple" />
            <root url="jrt:///Library/Java/JavaVirtualMachines/jdk-14.0.1.jdk/Contents/Home!/java.prefs" type="simple" />
            <root url="jrt:///Library/Java/JavaVirtualMachines/jdk-14.0.1.jdk/Contents/Home!/java.rmi" type="simple" />
            <root url="jrt:///Library/Java/JavaVirtualMachines/jdk-14.0.1.jdk/Contents/Home!/java.scripting" type="simple" />
            <root url="jrt:///Library/Java/JavaVirtualMachines/jdk-14.0.1.jdk/Contents/Home!/java.se" type="simple" />
            <root url="jrt:///Library/Java/JavaVirtualMachines/jdk-14.0.1.jdk/Contents/Home!/java.security.jgss" type="simple" />
            <root url="jrt:///Library/Java/JavaVirtualMachines/jdk-14.0.1.jdk/Contents/Home!/java.security.sasl" type="simple" />
            <root url="jrt:///Library/Java/JavaVirtualMachines/jdk-14.0.1.jdk/Contents/Home!/java.smartcardio" type="simple" />
            <root url="jrt:///Library/Java/JavaVirtualMachines/jdk-14.0.1.jdk/Contents/Home!/java.sql" type="simple" />
            <root url="jrt:///Library/Java/JavaVirtualMachines/jdk-14.0.1.jdk/Contents/Home!/java.sql.rowset" type="simple" />
            <root url="jrt:///Library/Java/JavaVirtualMachines/jdk-14.0.1.jdk/Contents/Home!/java.transaction.xa" type="simple" />
            <root url="jrt:///Library/Java/JavaVirtualMachines/jdk-14.0.1.jdk/Contents/Home!/java.xml" type="simple" />
            <root url="jrt:///Library/Java/JavaVirtualMachines/jdk-14.0.1.jdk/Contents/Home!/java.xml.crypto" type="simple" />
            <root url="jrt:///Library/Java/JavaVirtualMachines/jdk-14.0.1.jdk/Contents/Home!/jdk.accessibility" type="simple" />
            <root url="jrt:///Library/Java/JavaVirtualMachines/jdk-14.0.1.jdk/Contents/Home!/jdk.aot" type="simple" />
            <root url="jrt:///Library/Java/JavaVirtualMachines/jdk-14.0.1.jdk/Contents/Home!/jdk.attach" type="simple" />
            <root url="jrt:///Library/Java/JavaVirtualMachines/jdk-14.0.1.jdk/Contents/Home!/jdk.charsets" type="simple" />
            <root url="jrt:///Library/Java/JavaVirtualMachines/jdk-14.0.1.jdk/Contents/Home!/jdk.compiler" type="simple" />
            <root url="jrt:///Library/Java/JavaVirtualMachines/jdk-14.0.1.jdk/Contents/Home!/jdk.crypto.cryptoki" type="simple" />
            <root url="jrt:///Library/Java/JavaVirtualMachines/jdk-14.0.1.jdk/Contents/Home!/jdk.crypto.ec" type="simple" />
            <root url="jrt:///Library/Java/JavaVirtualMachines/jdk-14.0.1.jdk/Contents/Home!/jdk.dynalink" type="simple" />
            <root url="jrt:///Library/Java/JavaVirtualMachines/jdk-14.0.1.jdk/Contents/Home!/jdk.editpad" type="simple" />
            <root url="jrt:///Library/Java/JavaVirtualMachines/jdk-14.0.1.jdk/Contents/Home!/jdk.hotspot.agent" type="simple" />
            <root url="jrt:///Library/Java/JavaVirtualMachines/jdk-14.0.1.jdk/Contents/Home!/jdk.httpserver" type="simple" />
            <root url="jrt:///Library/Java/JavaVirtualMachines/jdk-14.0.1.jdk/Contents/Home!/jdk.incubator.foreign" type="simple" />
            <root url="jrt:///Library/Java/JavaVirtualMachines/jdk-14.0.1.jdk/Contents/Home!/jdk.incubator.jpackage" type="simple" />
            <root url="jrt:///Library/Java/JavaVirtualMachines/jdk-14.0.1.jdk/Contents/Home!/jdk.internal.ed" type="simple" />
            <root url="jrt:///Library/Java/JavaVirtualMachines/jdk-14.0.1.jdk/Contents/Home!/jdk.internal.jvmstat" type="simple" />
            <root url="jrt:///Library/Java/JavaVirtualMachines/jdk-14.0.1.jdk/Contents/Home!/jdk.internal.le" type="simple" />
            <root url="jrt:///Library/Java/JavaVirtualMachines/jdk-14.0.1.jdk/Contents/Home!/jdk.internal.opt" type="simple" />
            <root url="jrt:///Library/Java/JavaVirtualMachines/jdk-14.0.1.jdk/Contents/Home!/jdk.internal.vm.ci" type="simple" />
            <root url="jrt:///Library/Java/JavaVirtualMachines/jdk-14.0.1.jdk/Contents/Home!/jdk.internal.vm.compiler" type="simple" />
            <root url="jrt:///Library/Java/JavaVirtualMachines/jdk-14.0.1.jdk/Contents/Home!/jdk.internal.vm.compiler.management" type="simple" />
            <root url="jrt:///Library/Java/JavaVirtualMachines/jdk-14.0.1.jdk/Contents/Home!/jdk.jartool" type="simple" />
            <root url="jrt:///Library/Java/JavaVirtualMachines/jdk-14.0.1.jdk/Contents/Home!/jdk.javadoc" type="simple" />
            <root url="jrt:///Library/Java/JavaVirtualMachines/jdk-14.0.1.jdk/Contents/Home!/jdk.jcmd" type="simple" />
            <root url="jrt:///Library/Java/JavaVirtualMachines/jdk-14.0.1.jdk/Contents/Home!/jdk.jconsole" type="simple" />
            <root url="jrt:///Library/Java/JavaVirtualMachines/jdk-14.0.1.jdk/Contents/Home!/jdk.jdeps" type="simple" />
            <root url="jrt:///Library/Java/JavaVirtualMachines/jdk-14.0.1.jdk/Contents/Home!/jdk.jdi" type="simple" />
            <root url="jrt:///Library/Java/JavaVirtualMachines/jdk-14.0.1.jdk/Contents/Home!/jdk.jdwp.agent" type="simple" />
            <root url="jrt:///Library/Java/JavaVirtualMachines/jdk-14.0.1.jdk/Contents/Home!/jdk.jfr" type="simple" />
            <root url="jrt:///Library/Java/JavaVirtualMachines/jdk-14.0.1.jdk/Contents/Home!/jdk.jlink" type="simple" />
            <root url="jrt:///Library/Java/JavaVirtualMachines/jdk-14.0.1.jdk/Contents/Home!/jdk.jshell" type="simple" />
            <root url="jrt:///Library/Java/JavaVirtualMachines/jdk-14.0.1.jdk/Contents/Home!/jdk.jsobject" type="simple" />
            <root url="jrt:///Library/Java/JavaVirtualMachines/jdk-14.0.1.jdk/Contents/Home!/jdk.jstatd" type="simple" />
            <root url="jrt:///Library/Java/JavaVirtualMachines/jdk-14.0.1.jdk/Contents/Home!/jdk.localedata" type="simple" />
            <root url="jrt:///Library/Java/JavaVirtualMachines/jdk-14.0.1.jdk/Contents/Home!/jdk.management" type="simple" />
            <root url="jrt:///Library/Java/JavaVirtualMachines/jdk-14.0.1.jdk/Contents/Home!/jdk.management.agent" type="simple" />
            <root url="jrt:///Library/Java/JavaVirtualMachines/jdk-14.0.1.jdk/Contents/Home!/jdk.management.jfr" type="simple" />
            <root url="jrt:///Library/Java/JavaVirtualMachines/jdk-14.0.1.jdk/Contents/Home!/jdk.naming.dns" type="simple" />
            <root url="jrt:///Library/Java/JavaVirtualMachines/jdk-14.0.1.jdk/Contents/Home!/jdk.naming.rmi" type="simple" />
            <root url="jrt:///Library/Java/JavaVirtualMachines/jdk-14.0.1.jdk/Contents/Home!/jdk.net" type="simple" />
            <root url="jrt:///Library/Java/JavaVirtualMachines/jdk-14.0.1.jdk/Contents/Home!/jdk.nio.mapmode" type="simple" />
            <root url="jrt:///Library/Java/JavaVirtualMachines/jdk-14.0.1.jdk/Contents/Home!/jdk.rmic" type="simple" />
            <root url="jrt:///Library/Java/JavaVirtualMachines/jdk-14.0.1.jdk/Contents/Home!/jdk.scripting.nashorn" type="simple" />
            <root url="jrt:///Library/Java/JavaVirtualMachines/jdk-14.0.1.jdk/Contents/Home!/jdk.scripting.nashorn.shell" type="simple" />
            <root url="jrt:///Library/Java/JavaVirtualMachines/jdk-14.0.1.jdk/Contents/Home!/jdk.sctp" type="simple" />
            <root url="jrt:///Library/Java/JavaVirtualMachines/jdk-14.0.1.jdk/Contents/Home!/jdk.security.auth" type="simple" />
            <root url="jrt:///Library/Java/JavaVirtualMachines/jdk-14.0.1.jdk/Contents/Home!/jdk.security.jgss" type="simple" />
            <root url="jrt:///Library/Java/JavaVirtualMachines/jdk-14.0.1.jdk/Contents/Home!/jdk.unsupported" type="simple" />
            <root url="jrt:///Library/Java/JavaVirtualMachines/jdk-14.0.1.jdk/Contents/Home!/jdk.unsupported.desktop" type="simple" />
            <root url="jrt:///Library/Java/JavaVirtualMachines/jdk-14.0.1.jdk/Contents/Home!/jdk.xml.dom" type="simple" />
            <root url="jrt:///Library/Java/JavaVirtualMachines/jdk-14.0.1.jdk/Contents/Home!/jdk.zipfs" type="simple" />
          </root>
        </classPath>
        <javadocPath>
          <root type="composite" />
        </javadocPath>
        <sourcePath>
          <root type="composite">
            <root url="jar:///Library/Java/JavaVirtualMachines/jdk-14.0.1.jdk/Contents/Home/lib/src.zip!/java.se" type="simple" />
            <root url="jar:///Library/Java/JavaVirtualMachines/jdk-14.0.1.jdk/Contents/Home/lib/src.zip!/jdk.aot" type="simple" />
            <root url="jar:///Library/Java/JavaVirtualMachines/jdk-14.0.1.jdk/Contents/Home/lib/src.zip!/jdk.jdi" type="simple" />
            <root url="jar:///Library/Java/JavaVirtualMachines/jdk-14.0.1.jdk/Contents/Home/lib/src.zip!/jdk.jfr" type="simple" />
            <root url="jar:///Library/Java/JavaVirtualMachines/jdk-14.0.1.jdk/Contents/Home/lib/src.zip!/jdk.net" type="simple" />
            <root url="jar:///Library/Java/JavaVirtualMachines/jdk-14.0.1.jdk/Contents/Home/lib/src.zip!/java.rmi" type="simple" />
            <root url="jar:///Library/Java/JavaVirtualMachines/jdk-14.0.1.jdk/Contents/Home/lib/src.zip!/java.sql" type="simple" />
            <root url="jar:///Library/Java/JavaVirtualMachines/jdk-14.0.1.jdk/Contents/Home/lib/src.zip!/java.xml" type="simple" />
            <root url="jar:///Library/Java/JavaVirtualMachines/jdk-14.0.1.jdk/Contents/Home/lib/src.zip!/jdk.jcmd" type="simple" />
            <root url="jar:///Library/Java/JavaVirtualMachines/jdk-14.0.1.jdk/Contents/Home/lib/src.zip!/jdk.rmic" type="simple" />
            <root url="jar:///Library/Java/JavaVirtualMachines/jdk-14.0.1.jdk/Contents/Home/lib/src.zip!/jdk.sctp" type="simple" />
            <root url="jar:///Library/Java/JavaVirtualMachines/jdk-14.0.1.jdk/Contents/Home/lib/src.zip!/java.base" type="simple" />
            <root url="jar:///Library/Java/JavaVirtualMachines/jdk-14.0.1.jdk/Contents/Home/lib/src.zip!/jdk.jdeps" type="simple" />
            <root url="jar:///Library/Java/JavaVirtualMachines/jdk-14.0.1.jdk/Contents/Home/lib/src.zip!/jdk.jlink" type="simple" />
            <root url="jar:///Library/Java/JavaVirtualMachines/jdk-14.0.1.jdk/Contents/Home/lib/src.zip!/jdk.zipfs" type="simple" />
            <root url="jar:///Library/Java/JavaVirtualMachines/jdk-14.0.1.jdk/Contents/Home/lib/src.zip!/java.prefs" type="simple" />
            <root url="jar:///Library/Java/JavaVirtualMachines/jdk-14.0.1.jdk/Contents/Home/lib/src.zip!/jdk.attach" type="simple" />
            <root url="jar:///Library/Java/JavaVirtualMachines/jdk-14.0.1.jdk/Contents/Home/lib/src.zip!/jdk.jshell" type="simple" />
            <root url="jar:///Library/Java/JavaVirtualMachines/jdk-14.0.1.jdk/Contents/Home/lib/src.zip!/jdk.jstatd" type="simple" />
            <root url="jar:///Library/Java/JavaVirtualMachines/jdk-14.0.1.jdk/Contents/Home/lib/src.zip!/java.naming" type="simple" />
            <root url="jar:///Library/Java/JavaVirtualMachines/jdk-14.0.1.jdk/Contents/Home/lib/src.zip!/jdk.editpad" type="simple" />
            <root url="jar:///Library/Java/JavaVirtualMachines/jdk-14.0.1.jdk/Contents/Home/lib/src.zip!/jdk.jartool" type="simple" />
            <root url="jar:///Library/Java/JavaVirtualMachines/jdk-14.0.1.jdk/Contents/Home/lib/src.zip!/jdk.javadoc" type="simple" />
            <root url="jar:///Library/Java/JavaVirtualMachines/jdk-14.0.1.jdk/Contents/Home/lib/src.zip!/jdk.xml.dom" type="simple" />
            <root url="jar:///Library/Java/JavaVirtualMachines/jdk-14.0.1.jdk/Contents/Home/lib/src.zip!/java.desktop" type="simple" />
            <root url="jar:///Library/Java/JavaVirtualMachines/jdk-14.0.1.jdk/Contents/Home/lib/src.zip!/java.logging" type="simple" />
            <root url="jar:///Library/Java/JavaVirtualMachines/jdk-14.0.1.jdk/Contents/Home/lib/src.zip!/jdk.charsets" type="simple" />
            <root url="jar:///Library/Java/JavaVirtualMachines/jdk-14.0.1.jdk/Contents/Home/lib/src.zip!/jdk.compiler" type="simple" />
            <root url="jar:///Library/Java/JavaVirtualMachines/jdk-14.0.1.jdk/Contents/Home/lib/src.zip!/jdk.dynalink" type="simple" />
            <root url="jar:///Library/Java/JavaVirtualMachines/jdk-14.0.1.jdk/Contents/Home/lib/src.zip!/jdk.jconsole" type="simple" />
            <root url="jar:///Library/Java/JavaVirtualMachines/jdk-14.0.1.jdk/Contents/Home/lib/src.zip!/jdk.jsobject" type="simple" />
            <root url="jar:///Library/Java/JavaVirtualMachines/jdk-14.0.1.jdk/Contents/Home/lib/src.zip!/java.compiler" type="simple" />
            <root url="jar:///Library/Java/JavaVirtualMachines/jdk-14.0.1.jdk/Contents/Home/lib/src.zip!/java.net.http" type="simple" />
            <root url="jar:///Library/Java/JavaVirtualMachines/jdk-14.0.1.jdk/Contents/Home/lib/src.zip!/jdk.crypto.ec" type="simple" />
            <root url="jar:///Library/Java/JavaVirtualMachines/jdk-14.0.1.jdk/Contents/Home/lib/src.zip!/java.scripting" type="simple" />
            <root url="jar:///Library/Java/JavaVirtualMachines/jdk-14.0.1.jdk/Contents/Home/lib/src.zip!/jdk.httpserver" type="simple" />
            <root url="jar:///Library/Java/JavaVirtualMachines/jdk-14.0.1.jdk/Contents/Home/lib/src.zip!/jdk.jdwp.agent" type="simple" />
            <root url="jar:///Library/Java/JavaVirtualMachines/jdk-14.0.1.jdk/Contents/Home/lib/src.zip!/jdk.localedata" type="simple" />
            <root url="jar:///Library/Java/JavaVirtualMachines/jdk-14.0.1.jdk/Contents/Home/lib/src.zip!/jdk.management" type="simple" />
            <root url="jar:///Library/Java/JavaVirtualMachines/jdk-14.0.1.jdk/Contents/Home/lib/src.zip!/jdk.naming.dns" type="simple" />
            <root url="jar:///Library/Java/JavaVirtualMachines/jdk-14.0.1.jdk/Contents/Home/lib/src.zip!/jdk.naming.rmi" type="simple" />
            <root url="jar:///Library/Java/JavaVirtualMachines/jdk-14.0.1.jdk/Contents/Home/lib/src.zip!/java.instrument" type="simple" />
            <root url="jar:///Library/Java/JavaVirtualMachines/jdk-14.0.1.jdk/Contents/Home/lib/src.zip!/java.management" type="simple" />
            <root url="jar:///Library/Java/JavaVirtualMachines/jdk-14.0.1.jdk/Contents/Home/lib/src.zip!/java.sql.rowset" type="simple" />
            <root url="jar:///Library/Java/JavaVirtualMachines/jdk-14.0.1.jdk/Contents/Home/lib/src.zip!/java.xml.crypto" type="simple" />
            <root url="jar:///Library/Java/JavaVirtualMachines/jdk-14.0.1.jdk/Contents/Home/lib/src.zip!/jdk.internal.ed" type="simple" />
            <root url="jar:///Library/Java/JavaVirtualMachines/jdk-14.0.1.jdk/Contents/Home/lib/src.zip!/jdk.internal.le" type="simple" />
            <root url="jar:///Library/Java/JavaVirtualMachines/jdk-14.0.1.jdk/Contents/Home/lib/src.zip!/jdk.nio.mapmode" type="simple" />
            <root url="jar:///Library/Java/JavaVirtualMachines/jdk-14.0.1.jdk/Contents/Home/lib/src.zip!/jdk.unsupported" type="simple" />
            <root url="jar:///Library/Java/JavaVirtualMachines/jdk-14.0.1.jdk/Contents/Home/lib/src.zip!/java.smartcardio" type="simple" />
            <root url="jar:///Library/Java/JavaVirtualMachines/jdk-14.0.1.jdk/Contents/Home/lib/src.zip!/jdk.internal.opt" type="simple" />
            <root url="jar:///Library/Java/JavaVirtualMachines/jdk-14.0.1.jdk/Contents/Home/lib/src.zip!/java.datatransfer" type="simple" />
            <root url="jar:///Library/Java/JavaVirtualMachines/jdk-14.0.1.jdk/Contents/Home/lib/src.zip!/jdk.accessibility" type="simple" />
            <root url="jar:///Library/Java/JavaVirtualMachines/jdk-14.0.1.jdk/Contents/Home/lib/src.zip!/jdk.hotspot.agent" type="simple" />
            <root url="jar:///Library/Java/JavaVirtualMachines/jdk-14.0.1.jdk/Contents/Home/lib/src.zip!/jdk.security.auth" type="simple" />
            <root url="jar:///Library/Java/JavaVirtualMachines/jdk-14.0.1.jdk/Contents/Home/lib/src.zip!/jdk.security.jgss" type="simple" />
            <root url="jar:///Library/Java/JavaVirtualMachines/jdk-14.0.1.jdk/Contents/Home/lib/src.zip!/java.security.jgss" type="simple" />
            <root url="jar:///Library/Java/JavaVirtualMachines/jdk-14.0.1.jdk/Contents/Home/lib/src.zip!/java.security.sasl" type="simple" />
            <root url="jar:///Library/Java/JavaVirtualMachines/jdk-14.0.1.jdk/Contents/Home/lib/src.zip!/jdk.internal.vm.ci" type="simple" />
            <root url="jar:///Library/Java/JavaVirtualMachines/jdk-14.0.1.jdk/Contents/Home/lib/src.zip!/jdk.management.jfr" type="simple" />
            <root url="jar:///Library/Java/JavaVirtualMachines/jdk-14.0.1.jdk/Contents/Home/lib/src.zip!/java.management.rmi" type="simple" />
            <root url="jar:///Library/Java/JavaVirtualMachines/jdk-14.0.1.jdk/Contents/Home/lib/src.zip!/java.transaction.xa" type="simple" />
            <root url="jar:///Library/Java/JavaVirtualMachines/jdk-14.0.1.jdk/Contents/Home/lib/src.zip!/jdk.crypto.cryptoki" type="simple" />
            <root url="jar:///Library/Java/JavaVirtualMachines/jdk-14.0.1.jdk/Contents/Home/lib/src.zip!/jdk.internal.jvmstat" type="simple" />
            <root url="jar:///Library/Java/JavaVirtualMachines/jdk-14.0.1.jdk/Contents/Home/lib/src.zip!/jdk.management.agent" type="simple" />
            <root url="jar:///Library/Java/JavaVirtualMachines/jdk-14.0.1.jdk/Contents/Home/lib/src.zip!/jdk.incubator.foreign" type="simple" />
            <root url="jar:///Library/Java/JavaVirtualMachines/jdk-14.0.1.jdk/Contents/Home/lib/src.zip!/jdk.scripting.nashorn" type="simple" />
            <root url="jar:///Library/Java/JavaVirtualMachines/jdk-14.0.1.jdk/Contents/Home/lib/src.zip!/jdk.incubator.jpackage" type="simple" />
            <root url="jar:///Library/Java/JavaVirtualMachines/jdk-14.0.1.jdk/Contents/Home/lib/src.zip!/jdk.unsupported.desktop" type="simple" />
            <root url="jar:///Library/Java/JavaVirtualMachines/jdk-14.0.1.jdk/Contents/Home/lib/src.zip!/jdk.internal.vm.compiler" type="simple" />
            <root url="jar:///Library/Java/JavaVirtualMachines/jdk-14.0.1.jdk/Contents/Home/lib/src.zip!/jdk.scripting.nashorn.shell" type="simple" />
            <root url="jar:///Library/Java/JavaVirtualMachines/jdk-14.0.1.jdk/Contents/Home/lib/src.zip!/jdk.internal.vm.compiler.management" type="simple" />
          </root>
        </sourcePath>
      </roots>
      <additional />
    </jdk>
    <jdk version="2">
      <name value="11.0.6" />
      <type value="JavaSDK" />
      <version value="java version &quot;11.0.6&quot;" />
      <homePath value="$APPLICATION_HOME_DIR$/jbr/Contents/Home" />
      <roots>
        <annotationsPath>
          <root type="composite">
            <root url="jar://$APPLICATION_HOME_DIR$/plugins/java/lib/jdkAnnotations.jar!/" type="simple" />
          </root>
        </annotationsPath>
        <classPath>
          <root type="composite">
            <root url="jrt:///Applications/IntelliJ IDEA.app/Contents/jbr/Contents/Home!/java.base" type="simple" />
            <root url="jrt:///Applications/IntelliJ IDEA.app/Contents/jbr/Contents/Home!/java.compiler" type="simple" />
            <root url="jrt:///Applications/IntelliJ IDEA.app/Contents/jbr/Contents/Home!/java.datatransfer" type="simple" />
            <root url="jrt:///Applications/IntelliJ IDEA.app/Contents/jbr/Contents/Home!/java.desktop" type="simple" />
            <root url="jrt:///Applications/IntelliJ IDEA.app/Contents/jbr/Contents/Home!/java.instrument" type="simple" />
            <root url="jrt:///Applications/IntelliJ IDEA.app/Contents/jbr/Contents/Home!/java.logging" type="simple" />
            <root url="jrt:///Applications/IntelliJ IDEA.app/Contents/jbr/Contents/Home!/java.management" type="simple" />
            <root url="jrt:///Applications/IntelliJ IDEA.app/Contents/jbr/Contents/Home!/java.management.rmi" type="simple" />
            <root url="jrt:///Applications/IntelliJ IDEA.app/Contents/jbr/Contents/Home!/java.naming" type="simple" />
            <root url="jrt:///Applications/IntelliJ IDEA.app/Contents/jbr/Contents/Home!/java.net.http" type="simple" />
            <root url="jrt:///Applications/IntelliJ IDEA.app/Contents/jbr/Contents/Home!/java.prefs" type="simple" />
            <root url="jrt:///Applications/IntelliJ IDEA.app/Contents/jbr/Contents/Home!/java.rmi" type="simple" />
            <root url="jrt:///Applications/IntelliJ IDEA.app/Contents/jbr/Contents/Home!/java.scripting" type="simple" />
            <root url="jrt:///Applications/IntelliJ IDEA.app/Contents/jbr/Contents/Home!/java.se" type="simple" />
            <root url="jrt:///Applications/IntelliJ IDEA.app/Contents/jbr/Contents/Home!/java.security.jgss" type="simple" />
            <root url="jrt:///Applications/IntelliJ IDEA.app/Contents/jbr/Contents/Home!/java.security.sasl" type="simple" />
            <root url="jrt:///Applications/IntelliJ IDEA.app/Contents/jbr/Contents/Home!/java.smartcardio" type="simple" />
            <root url="jrt:///Applications/IntelliJ IDEA.app/Contents/jbr/Contents/Home!/java.sql" type="simple" />
            <root url="jrt:///Applications/IntelliJ IDEA.app/Contents/jbr/Contents/Home!/java.sql.rowset" type="simple" />
            <root url="jrt:///Applications/IntelliJ IDEA.app/Contents/jbr/Contents/Home!/java.transaction.xa" type="simple" />
            <root url="jrt:///Applications/IntelliJ IDEA.app/Contents/jbr/Contents/Home!/java.xml" type="simple" />
            <root url="jrt:///Applications/IntelliJ IDEA.app/Contents/jbr/Contents/Home!/java.xml.crypto" type="simple" />
            <root url="jrt:///Applications/IntelliJ IDEA.app/Contents/jbr/Contents/Home!/javafx.base" type="simple" />
            <root url="jrt:///Applications/IntelliJ IDEA.app/Contents/jbr/Contents/Home!/javafx.controls" type="simple" />
            <root url="jrt:///Applications/IntelliJ IDEA.app/Contents/jbr/Contents/Home!/javafx.fxml" type="simple" />
            <root url="jrt:///Applications/IntelliJ IDEA.app/Contents/jbr/Contents/Home!/javafx.graphics" type="simple" />
            <root url="jrt:///Applications/IntelliJ IDEA.app/Contents/jbr/Contents/Home!/javafx.media" type="simple" />
            <root url="jrt:///Applications/IntelliJ IDEA.app/Contents/jbr/Contents/Home!/javafx.swing" type="simple" />
            <root url="jrt:///Applications/IntelliJ IDEA.app/Contents/jbr/Contents/Home!/javafx.web" type="simple" />
            <root url="jrt:///Applications/IntelliJ IDEA.app/Contents/jbr/Contents/Home!/jdk.accessibility" type="simple" />
            <root url="jrt:///Applications/IntelliJ IDEA.app/Contents/jbr/Contents/Home!/jdk.aot" type="simple" />
            <root url="jrt:///Applications/IntelliJ IDEA.app/Contents/jbr/Contents/Home!/jdk.attach" type="simple" />
            <root url="jrt:///Applications/IntelliJ IDEA.app/Contents/jbr/Contents/Home!/jdk.charsets" type="simple" />
            <root url="jrt:///Applications/IntelliJ IDEA.app/Contents/jbr/Contents/Home!/jdk.compiler" type="simple" />
            <root url="jrt:///Applications/IntelliJ IDEA.app/Contents/jbr/Contents/Home!/jdk.crypto.cryptoki" type="simple" />
            <root url="jrt:///Applications/IntelliJ IDEA.app/Contents/jbr/Contents/Home!/jdk.crypto.ec" type="simple" />
            <root url="jrt:///Applications/IntelliJ IDEA.app/Contents/jbr/Contents/Home!/jdk.dynalink" type="simple" />
            <root url="jrt:///Applications/IntelliJ IDEA.app/Contents/jbr/Contents/Home!/jdk.hotspot.agent" type="simple" />
            <root url="jrt:///Applications/IntelliJ IDEA.app/Contents/jbr/Contents/Home!/jdk.httpserver" type="simple" />
            <root url="jrt:///Applications/IntelliJ IDEA.app/Contents/jbr/Contents/Home!/jdk.internal.ed" type="simple" />
            <root url="jrt:///Applications/IntelliJ IDEA.app/Contents/jbr/Contents/Home!/jdk.internal.jvmstat" type="simple" />
            <root url="jrt:///Applications/IntelliJ IDEA.app/Contents/jbr/Contents/Home!/jdk.internal.le" type="simple" />
            <root url="jrt:///Applications/IntelliJ IDEA.app/Contents/jbr/Contents/Home!/jdk.internal.vm.ci" type="simple" />
            <root url="jrt:///Applications/IntelliJ IDEA.app/Contents/jbr/Contents/Home!/jdk.internal.vm.compiler" type="simple" />
            <root url="jrt:///Applications/IntelliJ IDEA.app/Contents/jbr/Contents/Home!/jdk.internal.vm.compiler.management" type="simple" />
            <root url="jrt:///Applications/IntelliJ IDEA.app/Contents/jbr/Contents/Home!/jdk.jdi" type="simple" />
            <root url="jrt:///Applications/IntelliJ IDEA.app/Contents/jbr/Contents/Home!/jdk.jdwp.agent" type="simple" />
            <root url="jrt:///Applications/IntelliJ IDEA.app/Contents/jbr/Contents/Home!/jdk.jfr" type="simple" />
            <root url="jrt:///Applications/IntelliJ IDEA.app/Contents/jbr/Contents/Home!/jdk.jsobject" type="simple" />
            <root url="jrt:///Applications/IntelliJ IDEA.app/Contents/jbr/Contents/Home!/jdk.localedata" type="simple" />
            <root url="jrt:///Applications/IntelliJ IDEA.app/Contents/jbr/Contents/Home!/jdk.management" type="simple" />
            <root url="jrt:///Applications/IntelliJ IDEA.app/Contents/jbr/Contents/Home!/jdk.management.agent" type="simple" />
            <root url="jrt:///Applications/IntelliJ IDEA.app/Contents/jbr/Contents/Home!/jdk.management.jfr" type="simple" />
            <root url="jrt:///Applications/IntelliJ IDEA.app/Contents/jbr/Contents/Home!/jdk.naming.dns" type="simple" />
            <root url="jrt:///Applications/IntelliJ IDEA.app/Contents/jbr/Contents/Home!/jdk.naming.rmi" type="simple" />
            <root url="jrt:///Applications/IntelliJ IDEA.app/Contents/jbr/Contents/Home!/jdk.net" type="simple" />
            <root url="jrt:///Applications/IntelliJ IDEA.app/Contents/jbr/Contents/Home!/jdk.pack" type="simple" />
            <root url="jrt:///Applications/IntelliJ IDEA.app/Contents/jbr/Contents/Home!/jdk.scripting.nashorn" type="simple" />
            <root url="jrt:///Applications/IntelliJ IDEA.app/Contents/jbr/Contents/Home!/jdk.scripting.nashorn.shell" type="simple" />
            <root url="jrt:///Applications/IntelliJ IDEA.app/Contents/jbr/Contents/Home!/jdk.sctp" type="simple" />
            <root url="jrt:///Applications/IntelliJ IDEA.app/Contents/jbr/Contents/Home!/jdk.security.auth" type="simple" />
            <root url="jrt:///Applications/IntelliJ IDEA.app/Contents/jbr/Contents/Home!/jdk.security.jgss" type="simple" />
            <root url="jrt:///Applications/IntelliJ IDEA.app/Contents/jbr/Contents/Home!/jdk.unsupported" type="simple" />
            <root url="jrt:///Applications/IntelliJ IDEA.app/Contents/jbr/Contents/Home!/jdk.xml.dom" type="simple" />
            <root url="jrt:///Applications/IntelliJ IDEA.app/Contents/jbr/Contents/Home!/jdk.zipfs" type="simple" />
          </root>
        </classPath>
        <javadocPath>
          <root type="composite" />
        </javadocPath>
        <sourcePath>
          <root type="composite" />
        </sourcePath>
      </roots>
      <additional />
    </jdk>
    <jdk version="2">
      <name value="1.7" />
      <type value="JavaSDK" />
      <version value="java version &quot;1.7&quot;" />
      <homePath value="/Library/Java/JavaVirtualMachines/jdk1.7.0_71.jdk/Contents/Home" />
      <roots>
        <annotationsPath>
          <root type="composite">
            <root url="jar://$APPLICATION_HOME_DIR$/plugins/java/lib/jdkAnnotations.jar!/" type="simple" />
          </root>
        </annotationsPath>
        <classPath>
          <root type="composite">
            <root url="jar:///Library/Java/JavaVirtualMachines/jdk1.7.0_71.jdk/Contents/Home/jre/lib/charsets.jar!/" type="simple" />
            <root url="jar:///Library/Java/JavaVirtualMachines/jdk1.7.0_71.jdk/Contents/Home/jre/lib/deploy.jar!/" type="simple" />
            <root url="jar:///Library/Java/JavaVirtualMachines/jdk1.7.0_71.jdk/Contents/Home/jre/lib/ext/dnsns.jar!/" type="simple" />
            <root url="jar:///Library/Java/JavaVirtualMachines/jdk1.7.0_71.jdk/Contents/Home/jre/lib/ext/localedata.jar!/" type="simple" />
            <root url="jar:///Library/Java/JavaVirtualMachines/jdk1.7.0_71.jdk/Contents/Home/jre/lib/ext/sunec.jar!/" type="simple" />
            <root url="jar:///Library/Java/JavaVirtualMachines/jdk1.7.0_71.jdk/Contents/Home/jre/lib/ext/sunjce_provider.jar!/" type="simple" />
            <root url="jar:///Library/Java/JavaVirtualMachines/jdk1.7.0_71.jdk/Contents/Home/jre/lib/ext/sunpkcs11.jar!/" type="simple" />
            <root url="jar:///Library/Java/JavaVirtualMachines/jdk1.7.0_71.jdk/Contents/Home/jre/lib/ext/zipfs.jar!/" type="simple" />
            <root url="jar:///Library/Java/JavaVirtualMachines/jdk1.7.0_71.jdk/Contents/Home/jre/lib/htmlconverter.jar!/" type="simple" />
            <root url="jar:///Library/Java/JavaVirtualMachines/jdk1.7.0_71.jdk/Contents/Home/jre/lib/javaws.jar!/" type="simple" />
            <root url="jar:///Library/Java/JavaVirtualMachines/jdk1.7.0_71.jdk/Contents/Home/jre/lib/jce.jar!/" type="simple" />
            <root url="jar:///Library/Java/JavaVirtualMachines/jdk1.7.0_71.jdk/Contents/Home/jre/lib/jfr.jar!/" type="simple" />
            <root url="jar:///Library/Java/JavaVirtualMachines/jdk1.7.0_71.jdk/Contents/Home/jre/lib/jfxrt.jar!/" type="simple" />
            <root url="jar:///Library/Java/JavaVirtualMachines/jdk1.7.0_71.jdk/Contents/Home/jre/lib/jsse.jar!/" type="simple" />
            <root url="jar:///Library/Java/JavaVirtualMachines/jdk1.7.0_71.jdk/Contents/Home/jre/lib/management-agent.jar!/" type="simple" />
            <root url="jar:///Library/Java/JavaVirtualMachines/jdk1.7.0_71.jdk/Contents/Home/jre/lib/plugin.jar!/" type="simple" />
            <root url="jar:///Library/Java/JavaVirtualMachines/jdk1.7.0_71.jdk/Contents/Home/jre/lib/resources.jar!/" type="simple" />
            <root url="jar:///Library/Java/JavaVirtualMachines/jdk1.7.0_71.jdk/Contents/Home/jre/lib/rt.jar!/" type="simple" />
            <root url="jar:///Library/Java/JavaVirtualMachines/jdk1.7.0_71.jdk/Contents/Home/lib/ant-javafx.jar!/" type="simple" />
            <root url="jar:///Library/Java/JavaVirtualMachines/jdk1.7.0_71.jdk/Contents/Home/lib/dt.jar!/" type="simple" />
            <root url="jar:///Library/Java/JavaVirtualMachines/jdk1.7.0_71.jdk/Contents/Home/lib/javafx-doclet.jar!/" type="simple" />
            <root url="jar:///Library/Java/JavaVirtualMachines/jdk1.7.0_71.jdk/Contents/Home/lib/javafx-mx.jar!/" type="simple" />
            <root url="jar:///Library/Java/JavaVirtualMachines/jdk1.7.0_71.jdk/Contents/Home/lib/jconsole.jar!/" type="simple" />
            <root url="jar:///Library/Java/JavaVirtualMachines/jdk1.7.0_71.jdk/Contents/Home/lib/sa-jdi.jar!/" type="simple" />
            <root url="jar:///Library/Java/JavaVirtualMachines/jdk1.7.0_71.jdk/Contents/Home/lib/tools.jar!/" type="simple" />
          </root>
        </classPath>
        <javadocPath>
          <root type="composite" />
        </javadocPath>
        <sourcePath>
          <root type="composite">
            <root url="jar:///Library/Java/JavaVirtualMachines/jdk1.7.0_71.jdk/Contents/Home/src.zip!/" type="simple" />
          </root>
        </sourcePath>
      </roots>
      <additional />
    </jdk>
    <jdk version="2">
      <name value="1.8.0_144" />
      <type value="JavaSDK" />
      <version value="java version &quot;1.8.0_144&quot;" />
      <homePath value="/Library/Java/JavaVirtualMachines/jdk1.8.0_144.jdk/Contents/Home" />
      <roots>
        <annotationsPath>
          <root type="composite">
            <root url="jar://$APPLICATION_HOME_DIR$/plugins/java/lib/jdkAnnotations.jar!/" type="simple" />
          </root>
        </annotationsPath>
        <classPath>
          <root type="composite">
            <root url="jar:///Library/Java/JavaVirtualMachines/jdk1.8.0_144.jdk/Contents/Home/jre/lib/charsets.jar!/" type="simple" />
            <root url="jar:///Library/Java/JavaVirtualMachines/jdk1.8.0_144.jdk/Contents/Home/jre/lib/deploy.jar!/" type="simple" />
            <root url="jar:///Library/Java/JavaVirtualMachines/jdk1.8.0_144.jdk/Contents/Home/jre/lib/ext/bcprov-ext-jdk15on-1.60.jar!/" type="simple" />
            <root url="jar:///Library/Java/JavaVirtualMachines/jdk1.8.0_144.jdk/Contents/Home/jre/lib/ext/cldrdata.jar!/" type="simple" />
            <root url="jar:///Library/Java/JavaVirtualMachines/jdk1.8.0_144.jdk/Contents/Home/jre/lib/ext/dnsns.jar!/" type="simple" />
            <root url="jar:///Library/Java/JavaVirtualMachines/jdk1.8.0_144.jdk/Contents/Home/jre/lib/ext/jaccess.jar!/" type="simple" />
            <root url="jar:///Library/Java/JavaVirtualMachines/jdk1.8.0_144.jdk/Contents/Home/jre/lib/ext/jfxrt.jar!/" type="simple" />
            <root url="jar:///Library/Java/JavaVirtualMachines/jdk1.8.0_144.jdk/Contents/Home/jre/lib/ext/localedata.jar!/" type="simple" />
            <root url="jar:///Library/Java/JavaVirtualMachines/jdk1.8.0_144.jdk/Contents/Home/jre/lib/ext/nashorn.jar!/" type="simple" />
            <root url="jar:///Library/Java/JavaVirtualMachines/jdk1.8.0_144.jdk/Contents/Home/jre/lib/ext/sunec.jar!/" type="simple" />
            <root url="jar:///Library/Java/JavaVirtualMachines/jdk1.8.0_144.jdk/Contents/Home/jre/lib/ext/sunjce_provider.jar!/" type="simple" />
            <root url="jar:///Library/Java/JavaVirtualMachines/jdk1.8.0_144.jdk/Contents/Home/jre/lib/ext/sunpkcs11.jar!/" type="simple" />
            <root url="jar:///Library/Java/JavaVirtualMachines/jdk1.8.0_144.jdk/Contents/Home/jre/lib/ext/zipfs.jar!/" type="simple" />
            <root url="jar:///Library/Java/JavaVirtualMachines/jdk1.8.0_144.jdk/Contents/Home/jre/lib/javaws.jar!/" type="simple" />
            <root url="jar:///Library/Java/JavaVirtualMachines/jdk1.8.0_144.jdk/Contents/Home/jre/lib/jce.jar!/" type="simple" />
            <root url="jar:///Library/Java/JavaVirtualMachines/jdk1.8.0_144.jdk/Contents/Home/jre/lib/jfr.jar!/" type="simple" />
            <root url="jar:///Library/Java/JavaVirtualMachines/jdk1.8.0_144.jdk/Contents/Home/jre/lib/jfxswt.jar!/" type="simple" />
            <root url="jar:///Library/Java/JavaVirtualMachines/jdk1.8.0_144.jdk/Contents/Home/jre/lib/jsse.jar!/" type="simple" />
            <root url="jar:///Library/Java/JavaVirtualMachines/jdk1.8.0_144.jdk/Contents/Home/jre/lib/management-agent.jar!/" type="simple" />
            <root url="jar:///Library/Java/JavaVirtualMachines/jdk1.8.0_144.jdk/Contents/Home/jre/lib/plugin.jar!/" type="simple" />
            <root url="jar:///Library/Java/JavaVirtualMachines/jdk1.8.0_144.jdk/Contents/Home/jre/lib/resources.jar!/" type="simple" />
            <root url="jar:///Library/Java/JavaVirtualMachines/jdk1.8.0_144.jdk/Contents/Home/jre/lib/rt.jar!/" type="simple" />
            <root url="jar:///Library/Java/JavaVirtualMachines/jdk1.8.0_144.jdk/Contents/Home/lib/ant-javafx.jar!/" type="simple" />
            <root url="jar:///Library/Java/JavaVirtualMachines/jdk1.8.0_144.jdk/Contents/Home/lib/dt.jar!/" type="simple" />
            <root url="jar:///Library/Java/JavaVirtualMachines/jdk1.8.0_144.jdk/Contents/Home/lib/javafx-mx.jar!/" type="simple" />
            <root url="jar:///Library/Java/JavaVirtualMachines/jdk1.8.0_144.jdk/Contents/Home/lib/jconsole.jar!/" type="simple" />
            <root url="jar:///Library/Java/JavaVirtualMachines/jdk1.8.0_144.jdk/Contents/Home/lib/packager.jar!/" type="simple" />
            <root url="jar:///Library/Java/JavaVirtualMachines/jdk1.8.0_144.jdk/Contents/Home/lib/sa-jdi.jar!/" type="simple" />
            <root url="jar:///Library/Java/JavaVirtualMachines/jdk1.8.0_144.jdk/Contents/Home/lib/tools.jar!/" type="simple" />
          </root>
        </classPath>
        <javadocPath>
          <root type="composite" />
        </javadocPath>
        <sourcePath>
          <root type="composite">
            <root url="jar:///Library/Java/JavaVirtualMachines/jdk1.8.0_144.jdk/Contents/Home/src.zip!/" type="simple" />
            <root url="jar:///Library/Java/JavaVirtualMachines/jdk1.8.0_144.jdk/Contents/Home/javafx-src.zip!/" type="simple" />
          </root>
        </sourcePath>
      </roots>
      <additional />
    </jdk>
  </component>
</application>