<application>
  <component name="WebServers">
    <option name="servers">
      <webServer id="0107c815-66b7-4f4e-abca-68fbe5f29422" name="xiqing:ayixi" url="http://39.105.72.96">
        <fileTransfer host="39.105.72.96" port="22" accessType="SFTP" authAgent="true">
          <advancedOptions>
            <advancedOptions dataProtectionLevel="Private" passiveMode="true" shareSSLContext="true" />
          </advancedOptions>
          <option name="port" value="22" />
        </fileTransfer>
      </webServer>
      <webServer id="3afe707e-b14d-41f5-8c5d-84e2ad85f217" name="local_virtualmeachine" url="http:///">
        <fileTransfer host="192.168.118.130" port="22" accessType="SFTP" authAgent="true">
          <option name="port" value="22" />
        </fileTransfer>
      </webServer>
      <webServer id="221c075a-b11d-4575-94fe-aa8163edbe11" name="libw@123.56.71.148:2222" url="http:///">
        <fileTransfer host="123.56.71.148" port="2222" accessType="SFTP">
          <option name="port" value="2222" />
        </fileTransfer>
      </webServer>
      <webServer id="b15a5eab-0157-4d47-b2fa-941afc38b476" name="libw@172.16.160.101:58769" url="http:///">
        <fileTransfer host="172.16.160.101" port="58769" accessType="SFTP">
          <option name="port" value="58769" />
        </fileTransfer>
      </webServer>
    </option>
  </component>
</application>